Country,GDP B-USD,GDP T-USD
United States,26854.6,26.854599999999998
China,19373.59,19.37359
Japan,4409.74,4.40974
Germany,4308.85,4.3088500000000005
India,3736.88,3.73688
United Kingdom,3158.94,3.15894
France,2923.49,2.9234899999999997
Italy,2169.74,2.16974
Canada,2089.67,2.08967
Brazil,2081.24,2.0812399999999998
